<?xml version="1.0" encoding="UTF-8" ?>
<!--
 Licensed to the Apache Software Foundation (ASF) under one or more
 contributor license agreements.  See the NOTICE file distributed with
 this work for additional information regarding copyright ownership.
 The ASF licenses this file to You under the Apache License, Version 2.0
 (the "License"); you may not use this file except in compliance with
 the License.  You may obtain a copy of the License at

     http://www.apache.org/licenses/LICENSE-2.0

 Unless required by applicable law or agreed to in writing, software
 distributed under the License is distributed on an "AS IS" BASIS,
 WITHOUT WARRANTIES OR CONDITIONS OF ANY KIND, either express or implied.
 See the License for the specific language governing permissions and
 limitations under the License.
-->

<!--  
 This is the Solr schema file. This file should be named "schema.xml" and
 should be in the conf directory under the solr home
 (i.e. ./solr/conf/schema.xml by default) 
 or located where the classloader for the Solr webapp can find it.

 This example schema is the recommended starting point for users.
 It should be kept correct and concise, usable out-of-the-box.

 For more information, on how to customize this file, please see
 http://wiki.apache.org/solr/SchemaXml

 PERFORMANCE NOTE: this schema includes many optional features and should not
 be used for benchmarking.  To improve performance one could
  - set stored="false" for all fields possible (esp large fields) when you
    only need to search on the field but don't need to return the original
    value.
  - set indexed="false" if you don't need to search on the field, but only
    return the field as a result of searching on other indexed fields.
  - remove all unneeded copyField statements
  - for best index size and searching performance, set "index" to false
    for all general text fields, use copyField to copy them to the
    catchall "text" field, and use that for searching.
  - For maximum indexing performance, use the StreamingUpdateSolrServer
    java client.
  - Remember to run the JVM in server mode, and use a higher logging level
    that avoids logging every request
-->

<schema name="eclipseweb" version="1.2">
  <!-- attribute "name" is the name of this schema and is only used for display purposes.
       Applications should change this to reflect the nature of the search collection.
       version="1.2" is Solr's version number for the schema syntax and semantics.  It should
       not normally be changed by applications.
       1.0: multiValued attribute did not exist, all fields are multiValued by nature
       1.1: multiValued attribute introduced, false by default 
       1.2: omitTermFreqAndPositions attribute introduced, true by default except for text fields.
     -->

  <types>
    <!-- field type definitions. The "name" attribute is
       just a label to be used by field definitions.  The "class"
       attribute and any other attributes determine the real
       behavior of the fieldType.
         Class names starting with "solr" refer to java classes in the
       org.apache.solr.analysis package.
    -->

    <!-- The StrField type is not analyzed, but indexed/stored verbatim.  
       - StrField and TextField support an optional compressThreshold which
       limits compression (if enabled in the derived fields) to values which
       exceed a certain size (in characters).
    -->
    <fieldType name="string" class="solr.StrField" sortMissingLast="true" omitNorms="true"/>

    <!-- boolean type: "true" or "false" -->
    <fieldType name="boolean" class="solr.BoolField" sortMissingLast="true" omitNorms="true"/>
    <!--Binary data type. The data should be sent/retrieved in as Base64 encoded Strings -->
    <fieldtype name="binary" class="solr.BinaryField"/>

    <!-- The optional sortMissingLast and sortMissingFirst attributes are
         currently supported on types that are sorted internally as strings.
	       This includes "string","boolean","sint","slong","sfloat","sdouble","pdate"
       - If sortMissingLast="true", then a sort on this field will cause documents
         without the field to come after documents with the field,
         regardless of the requested sort order (asc or desc).
       - If sortMissingFirst="true", then a sort on this field will cause documents
         without the field to come before documents with the field,
         regardless of the requested sort order.
       - If sortMissingLast="false" and sortMissingFirst="false" (the default),
         then default lucene sorting will be used which places docs without the
         field first in an ascending sort and last in a descending sort.
    -->    

    <!--
      Default numeric field types. For faster range queries, consider the tint/tfloat/tlong/tdouble types.
    -->
    <fieldType name="int" class="solr.TrieIntField" precisionStep="0" omitNorms="true" positionIncrementGap="0"/>
    <fieldType name="float" class="solr.TrieFloatField" precisionStep="0" omitNorms="true" positionIncrementGap="0"/>
    <fieldType name="long" class="solr.TrieLongField" precisionStep="0" omitNorms="true" positionIncrementGap="0"/>
    <fieldType name="double" class="solr.TrieDoubleField" precisionStep="0" omitNorms="true" positionIncrementGap="0"/>

    <!-- A text field that uses WordDelimiterFilter to enable splitting and matching of
        words on case-change, alpha numeric boundaries, and non-alphanumeric chars,
        so that a query of "wifi" or "wi fi" could match a document containing "Wi-Fi".
        Synonyms and stopwords are customized by external files, and stemming is enabled.
        -->
    <fieldType name="text" class="solr.TextField" positionIncrementGap="100">
      <analyzer type="index">
        <tokenizer class="solr.WhitespaceTokenizerFactory"/>
        <!-- in this example, we will only use synonyms at query time
        <filter class="solr.SynonymFilterFactory" synonyms="index_synonyms.txt" ignoreCase="true" expand="false"/>
        -->
        <!-- Case insensitive stop word removal.
          add enablePositionIncrements=true in both the index and query
          analyzers to leave a 'gap' for more accurate phrase queries.
        -->
        <filter class="solr.StopFilterFactory"
                ignoreCase="true"
                words="stopwords.txt"
                enablePositionIncrements="true"
                />
        <filter class="solr.LowerCaseFilterFactory"/>
        <filter class="solr.WordDelimiterFilterFactory" generateWordParts="1" generateNumberParts="1" catenateWords="1" catenateAll="0" splitOnCaseChange="1" splitOnNumerics="0" stemEnglishPossessive="0" preserveOriginal="1"/>
      </analyzer>

      <analyzer type="query">
        <tokenizer class="solr.WhitespaceTokenizerFactory"/>
        <filter class="solr.SynonymFilterFactory" synonyms="synonyms.txt" ignoreCase="true" expand="true"/>
        <filter class="solr.StopFilterFactory"
                ignoreCase="true"
                words="stopwords.txt"
                enablePositionIncrements="true"
                />
        <filter class="solr.WordDelimiterFilterFactory" generateWordParts="1" generateNumberParts="1" catenateWords="1" catenateAll="0" splitOnCaseChange="0" splitOnNumerics="0" stemEnglishPossessive="0" preserveOriginal="1"/>
        <filter class="solr.LowerCaseFilterFactory"/>
      </analyzer>
    </fieldType>

    <!-- A general unstemmed text field that indexes tokens normally and also
         reversed (via ReversedWildcardFilterFactory), to enable more efficient 
	 leading wildcard queries. -->
    <fieldType name="text_rev" class="solr.TextField" positionIncrementGap="100">
      <analyzer type="index">
        <tokenizer class="solr.WhitespaceTokenizerFactory"/>
        <filter class="solr.StopFilterFactory" ignoreCase="true" words="stopwords.txt" enablePositionIncrements="true" />
        <filter class="solr.WordDelimiterFilterFactory" generateWordParts="1" generateNumberParts="1" catenateWords="1" catenateNumbers="1" catenateAll="0" splitOnCaseChange="0"/>
        <filter class="solr.LowerCaseFilterFactory"/>
        <filter class="solr.ReversedWildcardFilterFactory" withOriginal="true"
           maxPosAsterisk="3" maxPosQuestion="2" maxFractionAsterisk="0.33"/>
      </analyzer>
      <analyzer type="query">
        <tokenizer class="solr.WhitespaceTokenizerFactory"/>
        <filter class="solr.SynonymFilterFactory" synonyms="synonyms.txt" ignoreCase="true" expand="true"/>
        <filter class="solr.StopFilterFactory"
                ignoreCase="true"
                words="stopwords.txt"
                enablePositionIncrements="true"
                />
        <filter class="solr.WordDelimiterFilterFactory" generateWordParts="1" generateNumberParts="1" catenateWords="0" catenateNumbers="0" catenateAll="0" splitOnCaseChange="0"/>
        <filter class="solr.LowerCaseFilterFactory"/>
      </analyzer>
    </fieldType>
    
    <!-- lowercases the entire field value, keeping it as a single token.  -->
    <fieldType name="lowercase" class="solr.TextField" positionIncrementGap="100">
      <analyzer>
        <tokenizer class="solr.KeywordTokenizerFactory"/>
        <filter class="solr.LowerCaseFilterFactory" />
      </analyzer>
    </fieldType>

    <!-- since fields of this type are by default not stored or indexed,
         any data added to them will be ignored outright.  --> 
    <fieldtype name="ignored" stored="false" indexed="false" multiValued="true" class="solr.StrField" /> 

 </types>


 <fields>
   <!-- Valid attributes for fields:
     name: mandatory - the name for the field
     type: mandatory - the name of a previously defined type from the 
       <types> section
     indexed: true if this field should be indexed (searchable or sortable)
     stored: true if this field should be retrievable
     compressed: [false] if this field should be stored using gzip compression
       (this will only apply if the field type is compressable; among
       the standard field types, only TextField and StrField are)
     multiValued: true if this field may contain multiple values per document
     omitNorms: (expert) set to true to omit the norms associated with
       this field (this disables length normalization and index-time
       boosting for the field, and saves some memory).  Only full-text
       fields or fields that need an index-time boost need norms.
     termVectors: [false] set to true to store the term vector for a
       given field.
       When using MoreLikeThis, fields used for similarity should be
       stored for best performance.
     termPositions: Store position information with the term vector.  
       This will increase storage costs.
     termOffsets: Store offset information with the term vector. This 
       will increase storage costs.
     default: a value that should be used if no value is specified
       when adding a document.
   -->

   <!-- Indexed fields -->
   <field name="Id" type="string" indexed="true" stored="true" required="true" /> 
   <field name="NameLower" type="lowercase" indexed="true" stored="false"/>
   <field name="UserName" type="string" indexed="true" stored="true" multiValued="true"/>
   <field name="Location" type="string" indexed="true" stored="true" multiValued="false"/>
   <field name="Path" type="string" indexed="true" stored="true" multiValued="false"/>

   <!-- the body of the file - very large and therefore not stored  -->
   <field name="Text" type="text" indexed="true" stored="false" multiValued="false"/>

   <!-- Non indexed fields -->
   <field name="Name" type="string" indexed="true" stored="true"/>
   <field name="Length" type="long" indexed="false" stored="true" />
   <field name="Directory" type="boolean" indexed="false" stored="true"/>
   <field name="LastModified" type="long" indexed="false" stored="true" />


   <!-- uncomment the following to ignore any fields that don't already match an existing 
        field name or dynamic field, rather than reporting them as an error. 
        alternately, change the type="ignored" to some other type e.g. "text" if you want 
        unknown fields indexed and/or stored by default --> 
   <!--dynamicField name="*" type="ignored" multiValued="true" /-->
   
 </fields>

 <!-- Field to use to determine and enforce document uniqueness. 
      Unless this field is marked with required="false", it will be a required field
   -->
 <uniqueKey>Id</uniqueKey>

 <!-- field for the QueryParser to use when an explicit fieldname is absent -->
 <defaultSearchField>Text</defaultSearchField>

 <!-- SolrQueryParser configuration: defaultOperator="AND|OR" -->
 <solrQueryParser defaultOperator="AND"/>

 <!-- Similarity is the scoring routine for each document vs. a query.
      A custom similarity may be specified here, but the default is fine
      for most applications.  -->
 <!-- <similarity class="org.apache.lucene.search.DefaultSimilarity"/> -->
 <!-- ... OR ...
      Specify a SimilarityFactory class name implementation
      allowing parameters to be used.
 -->
 <!--
 <similarity class="com.example.solr.CustomSimilarityFactory">
   <str name="paramkey">param value</str>
 </similarity>
 -->


</schema>
