<!--
 Copyright (c) 2011, 2013 IBM Corporation and others.
 All rights reserved. This program and the accompanying materials
 are made available under the terms of the Eclipse Public License v1.0
 which accompanies this distribution, and is available at
 http://www.eclipse.org/legal/epl-v10.html

 Contributors:
     IBM Corporation - initial API and implementation
-->

<project name="Orion-Tests" default="runTests">
		
	<property name="dropLocation" value="${buildDirectory}/${buildLabel}/drop" />
	<property name="jsTestDir" value="${base}/tests/${buildLabel}" />
	
	<target name="runTests" >
		<antcall target="junitTests" />
		
		<antcall target="prepareJsTests"/>
		<parallel>
<!--			<antcall target="triggerHudsonTests"/> -->
			<antcall target="jsTests" />
		</parallel>
		
		<antcall target="performanceTests" />
		<antcall target="processResults" />
	</target>

	<target name="buildTests" unless="runTestsLocally" >
		<ant antfile="${eclipse.pdebuild.scripts}/build.xml" >
			<property name="topLevelElementId" value="org.eclipse.orion.releng.test.master" />
			<property name="customTargets" value="${builder}/customTargets-Tests.xml"/>
			<property name="product" value="" />
			<property name="skipMirroring" value="true" />
			<property name="skipDirector" value="true" />
		</ant>
	</target>
	
	<target name="initProperties" >
		<condition property="buildDirectory" value="${basedir}/../../build" >
			<isset property="runTestsLocally" />
		</condition>
		<condition property="builder" value="${basedir}/.." >
			<isset property="runTestsLocally" />
		</condition>
		<property file="${builder}/build.properties" />
	</target>
	
	<target name="installTests" depends="buildTests,initProperties">
		<!-- combine the build repo with the platform repo -->
		<p2.composite.repository destination="file:${buildDirectory}/test/composite">
			<add location="${orionRepo}" />
			<add location="${eclipsePlatformRepo}"/>
			<add location="${orbitRepo}" />
		</p2.composite.repository>
		
		<!-- install server + tests feature -->
		<p2.director flavor="tooling" roaming="true" profile="OrionTests"  
					 extraArguments="-profileProperties org.eclipse.update.install.features=true"
					 metadataRepository="file:${buildDirectory}/test/composite"
					 artifactRepository="file:${buildDirectory}/test/composite" 
					 destination="${buildDirectory}/test/eclipse"
					 logFile="${p2.director.log}">
			<iu id="org.eclipse.orion" />
			<iu id="org.eclipse.orion.server.tests.feature.feature.group" />
			<iu id="org.eclipse.test" />
			<iu id="org.eclipse.ant.optional.junit" />
			<iu id="org.apache.derby" />
		</p2.director>
		
		<!-- change server port to avoid collision with other processes on test machine -->
		<replace file="${buildDirectory}/test/eclipse/orion.ini" token="8080" value="7070"/>
	</target>
	
	<target name="junitTests" depends="installTests">
		<dirset id="testLib.ref" dir="${buildDirectory}/test/eclipse/plugins" includes="org.eclipse.test_*" />
		<property name="testLibrary" refid="testLib.ref" />
		
		<subant target="run">
			<property name="junit-stylesheet" value="${buildDirectory}/test/eclipse/plugins/${testLibrary}/JUNIT.XSL" />
            <property name="library-file" value="${builder}/library.xml" />
			<property name="eclipse-home" value="${buildDirectory}/test/eclipse" />
			<fileset dir="${buildDirectory}/test/eclipse/plugins" includes="*/test.xml" excludes="org.eclipse.core.tests.resources_*/*" />
			<property name="os" value="${osgi.os}" />
			<property name="ws" value="${osgi.ws}" />
			<property name="arch" value="${osgi.arch}" />
		</subant>
		
	</target>
	
	<target name="performanceTests" >
		<!-- collect javascript performance results to be reported here -->
		<junitreport todir="${dropLocation}" tofile="Performance-testResults.xml">
			<fileset dir="${jsTestDir}" includes="**/TEST-*.Performance.xml" />
		</junitreport>
		
		<dirset id="testLib.ref" dir="${buildDirectory}/test/eclipse/plugins" includes="org.eclipse.test_*" />
		<property name="testLibrary" refid="testLib.ref" />
		
		<subant target="performance">
			<property name="junit-stylesheet" value="${buildDirectory}/test/eclipse/plugins/${testLibrary}/JUNIT.XSL" />
	        <property name="library-file" value="${builder}/library.xml" />
			<property name="eclipse-home" value="${buildDirectory}/test/eclipse" />
			<fileset dir="${buildDirectory}/test/eclipse/plugins" includes="*/test.xml" excludes="org.eclipse.core.tests.resources_*/*" />
			<property name="os" value="${osgi.os}" />
			<property name="ws" value="${osgi.ws}" />
			<property name="arch" value="${osgi.arch}" />
			<property name="performanceVMArgs" value="-DjsPerformanceResults=${dropLocation}/Performance-testResults.xml 
													  -Declipse.perf.dbloc=${base}/tests/derby
													  -Declipse.perf.config=build=${buildLabel}
													  -Declipse.perf.assertAgainst=build=0.2M7" />
		</subant>
	</target>
	
	<target name="triggerHudsonTests" >
		
		<property environment="env" />
		
		<property name="baseURL" value="http://build.eclipse.org/eclipse/e4/orion" />
		<property name="JSON_buildZip" value="{&quot;name&quot;:&quot;buildZip&quot;,&quot;value&quot;:&quot;${baseURL}/${buildType}${timestamp}/test/${buildLabel}.zip&quot;}"/>
		<property name="JSON_repository" value="{&quot;name&quot;:&quot;repository&quot;,&quot;value&quot;:&quot;${baseURL}/target/integration/${buildLabel}&quot;}"/>
		<property name="json" value="{&quot;parameter&quot;: [${JSON_buildZip}, ${JSON_repository}] }"/>

		<!-- fetch the next hudson build number from the hudson job API -->
		<exec executable="curl">
			<arg line="-G" />
			<arg value="https://hudson.eclipse.org/hudson/job/orion-jstest-windows/api/json" />
			<arg line="-o ${buildDirectory}/nextBuildNumber" />
		</exec>
		<exec executable="bash" outputproperty="nextHudsonBuild">
			<arg value="-c"/>
			<arg value="grep -o 'nextBuildNumber&quot;:[0-9]*' ${buildDirectory}/nextBuildNumber | cut -d ':' -f 2"/>
		</exec>
		<echo message="Next hudson build number is ${nextHudsonBuild}."/>

		<echo message="${json}"/>
		<exec executable="curl">
			<arg line="-X POST" />
			<arg value="https://hudson.eclipse.org/hudson/job/orion-jstest-windows/build" />
			<arg line="-d token=${env.HUDSON_TOKEN}" />
			<arg value="--data-urlencode" />
			<arg value="json=${json}" />
		</exec>
		
		<property name="hudsonResultRootURL" value="https://hudson.eclipse.org/hudson/job/orion-jstest-windows/${nextHudsonBuild}/artifact" />
		<property name="hudsonResultURL" value="${hudsonResultRootURL}/Chrome-testResults.xml" />
		<property name="hudsonDownloadedHTML" value="${buildDirectory}/${buildLabel}/drop/Chrome-testResults.xml"/>
		<delete file="${hudsonDownloadedHTML}" failonerror="false"/>
		<antcall target="getHudsonResults" />	
	</target>
	
	<target name="getHudsonResults" >
		<!-- wait for the test results to appear -->
		<echo message="Waiting for ${hudsonResultURL}." />
		<waitfor maxwait="30" maxwaitunit="minute" checkevery="30" checkeveryunit="second">
			<http url="${hudsonResultURL}" />
		</waitfor>

		<get ignoreerrors="true" src="${hudsonResultURL}" dest="${hudsonDownloadedHTML}"/>	
<!--		<get ignoreerrors="true" src="${hudsonResultRootURL}/IE-9.0-testResults.html" dest="${jsTestDir}/IE-9.0-testResults.html" /> -->
	</target>
	
	<!-- This target runs on the Hudson Windows Slave -->
	<target name="hudsonJsTests" >
		<property environment="env" />
		<property name="workingDir" value="${env.WORKSPACE}/${env.BUILD_NUMBER}" />
		
		<mkdir dir="${workingDir}/results"/>
		
		<get src="${buildZip}" dest="${workingDir}/build.zip" />
		<unzip src="${workingDir}/build.zip" dest="${workingDir}" />
		
		<!-- Chrome Tests -->
		<apply executable="${java.home}/bin/java" parallel="false" >
			<arg line="-Dhttp.proxyHost=proxy.eclipse.org -Dhttp.proxyPort=9898 -Dhttp.nonProxyHosts=*.eclipse.org" />
			<arg line="-Dhttps.proxyHost=proxy.eclipse.org -Dhttps.proxyPort=9898 -Dhttps.nonProxyHosts=*.eclipse.org" />
			<arg line="-Dftp.proxyHost=proxy.eclipse.org -Dftp.proxyPort=9898 -Dftp.nonProxyHosts=*.eclipse.org" />
			<arg line="-jar ${workingDir}/JsTestDriver.jar" />
			<arg line="--port 42443" />
			<arg line="--runnerMode DEBUG_NO_TRACE" />
			<arg line="--tests all" />
			<arg line="--testOutput ${workingDir}/results" />
			<arg value="--browser" />
			<arg value="c:\\Program Files\\Google\\Chrome\\Application\\chrome.exe" />
			<arg value="--config" />
			<fileset dir="${workingDir}" includes="**/jsTestDriver.conf" />	
		</apply>

		<!-- Internet Explorer 9 Tests
		<apply executable="${java.home}/bin/java" parallel="false" >
			<arg line="-Dhttp.proxyHost=proxy.eclipse.org -Dhttp.proxyPort=9898 -Dhttp.nonProxyHosts=*.eclipse.org" />
			<arg line="-Dhttps.proxyHost=proxy.eclipse.org -Dhttps.proxyPort=9898 -Dhttps.nonProxyHosts=*.eclipse.org" />
			<arg line="-Dftp.proxyHost=proxy.eclipse.org -Dftp.proxyPort=9898 -Dftp.nonProxyHosts=*.eclipse.org" />
			<arg line="-jar ${workingDir}/JsTestDriver.jar" />
			<arg line="- -port 42443" />
			<arg line="- -runnerMode DEBUG_NO_TRACE" />
			<arg line="- -tests all" />
			<arg line="- -testOutput ${workingDir}/results" />
			<arg value="- -browser" />
			<arg value="C:\\Program Files\\Internet Explorer\\iexplore.exe" />
			<arg value="- -config" />
			<fileset dir="${workingDir}" includes="**/jsTestDriver.conf" />	
		</apply>
		-->

		<delete>
			<fileset dir="${env.WORKSPACE}" includes="*.xml" />
		</delete>
		
		<junitreport todir="${env.WORKSPACE}" tofile="IE-9.0-testResults.xml">
			<fileset dir="${workingDir}/results" includes="**/TEST-IE*.xml" />
		</junitreport>
		<junitreport todir="${env.WORKSPACE}" tofile="Chrome-testResults.xml">
			<fileset dir="${workingDir}/results" includes="**/TEST-Chrome*.xml" />
		</junitreport>
		<xslt style="${basedir}/../html/JUNIT.XSL" basedir="${env.WORKSPACE}" destdir="${env.WORKSPACE}" includes="IE-9.0-testResults.xml" />
		<xslt style="${basedir}/../html/JUNIT.XSL" basedir="${env.WORKSPACE}" destdir="${env.WORKSPACE}" includes="Chrome-testResults.xml" />

<!-- comment out while debugging -->
<!--		<delete dir="${workingDir}" /> -->
	</target>
			
	<target name="prepareJsTests" >
		<!-- prepare zip file to send to hudson build before it can be touched by other jstests -->
		<zip destfile="${buildDirectory}/test/${buildLabel}.zip" >
			<fileset dir="${buildDirectory}" includes="plugins/**" />
			<fileset dir="${base}/tests" includes="JsTestDriver.jar" />
		</zip>
	</target>			
		
	<target name="jsTests" >
		<echo message="Launching Xvfb" />
		<exec executable="bash" failonerror="false" outputproperty="xvfbPID" >
			<arg value="${builder}/scripts/runTests.sh" />
			<arg line="-xvfb" />
		</exec>
		
		<echo message="Launching Orion Server" />
		<exec executable="bash" failonerror="false" outputproperty="serverPID" >
			<arg value="${builder}/scripts/runTests.sh" />
			<arg value="-server" />
			<arg value="${buildDirectory}/test/eclipse" />
		</exec>
		<echo message="Test Server process is: ${serverPID}"/>

		<!-- change server port to avoid collision with other processes on test machine -->
		<replace dir="${buildDirectory}/plugins" includes="**/jsTestDriver.conf" token="8080" value="7070"/>

		<apply executable="bash" parallel="false">
			<arg value="${builder}/scripts/runTests.sh" />
			<arg line="-id ${buildLabel}" />
			<arg value="-root" />
			<arg value="${base}" />
			<arg value="-javaHome"/>
			<arg value="${java.home}"/>
			<arg value="-testConf" />
			<fileset dir="${buildDirectory}/plugins" includes="**/jsTestDriver.conf" />
		</apply>
	
		<condition property="killXvfb" >
			<not><or>
				<length string="${xvfbPID}" length="1" />
				<length string="${xvfbPID}" length="2" />
			</or></not>
		</condition>
		
		<condition property="killServer" >
			<not><or>
				<length string="${serverPID}" length="1" />
				<length string="${serverPID}" length="2" />
			</or></not>
		</condition>
		
		<antcall target="killXvfb" />
		<antcall target="killServer" />
	</target>
		
	<target name="killXvfb" if="killXvfb">
		<exec executable="kill">
			<arg value="${xvfbPID}" />
		</exec>
	</target>
	
	<target name="killServer" if="killServer">
		<exec executable="kill">
			<arg value="${serverPID}" />
		</exec>
	</target>
	
	<macrodef name="updateTestResult">
		<attribute name="testFile" />
		<attribute name="token" />
		<sequential>
			<!-- grab the status summary -->
			<loadfile srcfile="${dropLocation}/@{testFile}" property="@{testFile}_status" failonerror="false" >
				<filterchain>
					<linecontainsregexp>
						<regexp pattern=".*&lt;td&gt;[0-9]*&lt;/td&gt;&lt;td&gt;[0-9]*&lt;/td&gt;&lt;td&gt;(NaN|([.0-9]*%))&lt;/td&gt;.*" />
					</linecontainsregexp>
					<replaceregex pattern="&lt;td&gt;" replace="&lt;td align=&quot;center&quot; style=&quot;color:black&quot;&gt;" flags="g" />
					<striplinebreaks/>
				</filterchain>
			</loadfile>

			<!-- if we couldn't read a status, use DNF -->
			<condition property="@{testFile}_value" value="${@{testFile}_status}" else="&lt;td align=&quot;center&quot; style=&quot;color:black&quot;&gt;DNF&lt;/td&gt;" >
				<isset property="@{testFile}_status" />
			</condition>
			
			<!-- results will be red if they arent't 100% -->
			<condition property="@{testFile}_color" value="black" else="red">
				<contains string="${@{testFile}_value}" substring="100.00%" />
			</condition>
			
			<!-- switch the color -->
			<loadresource property="@{testFile}_result" >
				<string value="${@{testFile}_value}" />
				<filterchain>
					<replaceregex pattern="color:black" replace="color:${@{testFile}_color}" flags="g"/>
				</filterchain>
			</loadresource>
			
			<echo message="${@{testFile}_result}"/>
			<!-- update the html -->
			<replace file="${dropLocation}/index.html">
				<replacefilter token="&lt;td&gt;@{token}" value="${@{testFile}_result}" />
			</replace>
		</sequential>
	</macrodef>
	
	<target name="processResults" >	
		<!-- js unit results -->
		<junitreport todir="${dropLocation}" tofile="Firefox-17.0-testResults.xml">
			<fileset dir="${jsTestDir}" includes="**/TEST-Firefox_17*.xml" />
		</junitreport>
		<junitreport todir="${dropLocation}" tofile="Firefox-23.0-testResults.xml">
			<fileset dir="${jsTestDir}" includes="**/TEST-Firefox_23*.xml" />
		</junitreport>
		<junitreport todir="${dropLocation}" tofile="Performance-testResults.xml">
			<fileset dir="${jsTestDir}" includes="**/TEST-*.Performance.xml" />
		</junitreport>
		
		<xslt style="${builder}/html/JUNIT.XSL" basedir="${dropLocation}" destdir="${dropLocation}" includes="*.xml" />
		<delete>
			<fileset dir="${dropLocation}" includes="*-testResults.xml" />
		</delete>
		
		<!-- junit results -->
		<xslt style="${builder}/html/JUNIT.XSL" basedir="${buildDirectory}/test/eclipse/results" destdir="${dropLocation}" includes="*.xml" />
		<copy file="${buildDirectory}/test/eclipse/server-folder/.metadata/.log" tofile="${dropLocation}/junitLog-${buildLabel}.txt" />
		
		<!-- update the test status -->
		<updateTestResult testFile="Firefox-17.0-testResults.html" token="@JS-FIREFOX17@"/>
		<updateTestResult testFile="Firefox-23.0-testResults.html" token="@JS-FIREFOX23@"/>
<!--		<updateTestResult testFile="IE-9.0-testResults.html" token="@JS-IE9@"/> -->
<!--		<updateTestResult testFile="Chrome-testResults.html" token="@JS-WIN-CHROME@"/> -->
		<updateTestResult testFile="Performance-testResults.html" token="@PERFORMANCE@"/>
		<updateTestResult testFile="org.eclipse.orion.server.tests.AllServerTests.html" token="@SERVER-TESTS@"/>
		<updateTestResult testFile="org.eclipse.orion.server.tests.performance.AllPerformanceTests.html" token="@JUNIT_PERF_BASELINE@"/>
		
		<available file="${base}/logs/current.log" property="logExists" />
		<antcall target="copyLog" />
	</target>
	
	<target name="copyLog" if="logExists" >
		<copy file="${base}/logs/current.log" tofile="${dropLocation}/buildLog-${buildLabel}.txt" />
	</target>
</project>
