<?xml version="1.0" encoding="UTF-8"?>
<feature
      id="org.eclipse.orion.server.authentication.feature"
      label="%featureName"
      version="1.0.0.qualifier"
      provider-name="%providerName"
      license-feature="org.eclipse.license"
      license-feature-version="1.0.0.qualifier">

   <description>
      %description
   </description>

   <copyright>
      %copyright
   </copyright>

   <license url="%licenseURL">
      %license
   </license>

   <requires>
      <import feature="org.eclipse.orion.server.feature" version="1.0.0.qualifier"/>
   </requires>

   <plugin
         id="org.cyberneko.html"
         download-size="0"
         install-size="0"
         version="1.9.14.qualifier"/>

   <plugin
         id="org.openid4java"
         download-size="0"
         install-size="0"
         version="0.9.5.qualifier"/>

   <plugin
         id="org.eclipse.orion.server.authentication"
         download-size="0"
         install-size="0"
         version="0.0.0"
         unpack="false"/>

</feature>
